Time [s], space [cm],
0.000865,15,
0.00092056,16,
0.00098078,17,
0.001033,18,
0.001093,19,
0.0011507,20,
0.0012102,21,
0.0012714,22,
0.0013235,23,
0.001378,24,
